{
    "10": [
        0.486017223931134
    ],
    "11": [
        0.317633721917604
    ],
    "12": [
        0.514892980644661
    ],
    "13": [
        0.568294412457016
    ],
    "14": [
        0.595083169012128
    ],
    "15": [
        0.538701657641984
    ],
    "16": [
        0.573171456653657
    ],
    "17": [
        0.631304019470236
    ],
    "18": [
        0.736203693915164
    ],
    "19": [
        0.653891563509267
    ],
    "20": [
        0.725342157418035
    ],
    "21": [
        0.692101381036377
    ],
    "22": [
        0.694901172458767
    ],
    "23": [
        0.763943012033496
    ],
    "24": [
        0.730189019904866
    ],
    "25": [
        0.672306277434035
    ],
    "26": [
        0.714305500907972
    ],
    "27": [
        0.706422025077548
    ],
    "28": [
        0.759627016759486
    ],
    "29": [
        0.78119825548935
    ],
    "30": [
        0.791819915508075
    ],
    "31": [
        0.820940041242659
    ],
    "32": [
        0.784678926018721
    ],
    "33": [
        0.806138384561172
    ],
    "34": [
        0.839501414959933
    ],
    "35": [
        0.793203820974264
    ],
    "36": [
        0.817390228742304
    ],
    "37": [
        0.78913994200835
    ],
    "38": [
        0.864613396845244
    ],
    "39": [
        0.819547401558533
    ],
    "40": [
        0.864108355262168
    ],
    "41": [
        0.876985096103766
    ],
    "42": [
        0.847071766422908
    ],
    "43": [
        0.848327933028792
    ],
    "44": [
        0.810361435877264
    ],
    "45": [
        0.866573801174901
    ],
    "46": [
        0.833951472216919
    ],
    "47": [
        0.845858892953306
    ],
    "48": [
        0.874569865340827
    ],
    "49": [
        0.846460100673575
    ],
    "50": [
        0.859568257891349
    ]
}
