{
    "10": [
        0.451162855901608,
        0.613782478982019,
        0.613782478982019,
        0.701747949946684,
        0.328385692043151,
        0.328385692043151,
        0.602765524534398,
        0.289852126530884,
        0.289852126530884,
        0.289852126530884
    ],
    "11": [
        0.424543469741258,
        0.513460013406438,
        0.513460013406438,
        0.436115451670449,
        0.438759359728335,
        0.438759359728335,
        0.340925264282809,
        0.33884971591582,
        0.33884971591582,
        0.545736741361357
    ],
    "12": [
        0.612960369914391,
        0.710894485872392,
        0.706848588422547,
        0.451697301900772,
        0.451697301900772,
        0.547480698670243,
        0.62880889209822,
        0.478551894000158,
        0.407854320069946,
        0.406186661711991
    ],
    "13": [
        0.530240611095503,
        0.554754581312976,
        0.573297456544315,
        0.573297456544315,
        0.720770613924201,
        0.586928355767743,
        0.556466763181829,
        0.723907141975076,
        0.660353487179338,
        0.446472244386057
    ],
    "14": [
        0.545914115094034,
        0.609283599839136,
        0.615758046224644,
        0.687778612751114,
        0.687778612751114,
        0.699716263490606,
        0.596045779667259,
        0.596045779667259,
        0.628200635341149,
        0.518228045950767
    ],
    "15": [
        0.632565061699646,
        0.668757031772426,
        0.491308858750394,
        0.505800991291614,
        0.514839323170554,
        0.537035087281077,
        0.571621261396785,
        0.533194548766408,
        0.583960220851748,
        0.634595371253858
    ],
    "16": [
        0.649020914646707,
        0.559095224286678,
        0.750861543866633,
        0.599012619895733,
        0.616176591905103,
        0.677734545837144,
        0.57125901855902,
        0.542019646731701,
        0.61880228301599,
        0.56827565069372
    ],
    "17": [
        0.591802367799201,
        0.696126691435725,
        0.636690504028051,
        0.641591433192957,
        0.683454494702994,
        0.584998613222985,
        0.658375262284004,
        0.699906272972688,
        0.608174915114166,
        0.557569679323067
    ],
    "18": [
        0.765088579466318,
        0.735102243864941,
        0.596477576469185,
        0.712510488031318,
        0.614976413384332,
        0.668289181701418,
        0.685915838908637,
        0.610496807650001,
        0.656135839533127,
        0.724979905110256
    ],
    "19": [
        0.785341300585752,
        0.613287683354406,
        0.640910156108359,
        0.664212567057926,
        0.724774043146327,
        0.686846171394442,
        0.699361245445904,
        0.609050003815489,
        0.667681589483709,
        0.552919533754257
    ],
    "20": [
        0.706325407105732,
        0.688149004875929,
        0.719748387973125,
        0.802276492792715,
        0.669215480625219,
        0.738366874014521,
        0.670225769560781,
        0.699526755419297,
        0.796789696003207,
        0.723447289380757
    ],
    "21": [
        0.607525375002656,
        0.800321328892536,
        0.738517983041522,
        0.694098444225216,
        0.674787250404779,
        0.819741586817662,
        0.64992634858746,
        0.715637278012683,
        0.74968168217985,
        0.722885717514972
    ],
    "22": [
        0.735602354130317,
        0.687910460570278,
        0.650603338460655,
        0.687987895728211,
        0.713573407720928,
        0.710471424355059,
        0.647749261634352,
        0.661766241133371,
        0.688030822041142,
        0.63466595805327
    ],
    "23": [
        0.719097855844615,
        0.731381198395889,
        0.753869478975254,
        0.791770851897969,
        0.752393238888259,
        0.68748118207685,
        0.683819598502262,
        0.750175369416798,
        0.828925471471246,
        0.700226295331271
    ],
    "24": [
        0.76916067991239,
        0.740683170250125,
        0.722640952791239,
        0.762050858951417,
        0.706344704364715,
        0.724278498293455,
        0.746356315365601,
        0.698030901630141,
        0.750518816112546,
        0.790443108886926
    ],
    "25": [
        0.845244441992545,
        0.801440207999833,
        0.754907358363127,
        0.780270787834953,
        0.777010462815764,
        0.719662052196467,
        0.736919351079355,
        0.722986639603056,
        0.754717544995108,
        0.742790933189475
    ],
    "26": [
        0.78107822427668,
        0.771928476170558,
        0.782876207927445,
        0.7828580971296,
        0.837475247526361,
        0.763638273902966,
        0.769695939900883,
        0.774982675673985,
        0.752396753287537,
        0.739301766080539
    ],
    "27": [
        0.953263122007843,
        0.812220882841265,
        0.788003496272142,
        0.806855700821783,
        0.743213720988125,
        0.78794891648835,
        0.786008578506126,
        0.872593696772008,
        0.836505202278437,
        0.77263309429496
    ],
    "28": [
        0.804077841006576,
        0.793407681520835,
        0.753928538397028,
        0.7311482035915,
        0.785538679140574,
        0.845187300137749,
        0.768147766588512,
        0.815194371116701,
        0.856026807130412,
        0.784774591488026
    ],
    "29": [
        0.832098066787012,
        0.82739807840114,
        0.771399530275271,
        0.832772525725333,
        0.809606285987253,
        0.806666423357527,
        0.840787620211236,
        0.77619896655597,
        0.843514089823093,
        0.813385934485978
    ],
    "30": [
        0.762458077611423,
        0.810513420371083,
        0.839103172301968,
        0.838783348877643,
        0.844171877427308,
        0.786237012019444,
        0.813960951467048,
        0.833911471258195,
        0.819689242527235,
        0.793117627340423
    ],
    "31": [
        0.828081418987568,
        0.834184020183477,
        0.819236524439545,
        0.858203776004258,
        0.850096343480547,
        0.840329146105633,
        0.818184881105419,
        0.765866311117543,
        0.808776828303365,
        0.797537061182212
    ],
    "32": [
        0.840846560658529,
        0.805632836494511,
        0.783249821591185,
        0.810749690771333,
        0.830232305144915,
        0.815554818172924,
        0.837104013112928,
        0.806661559255935,
        0.816360450635345,
        0.862738099879691
    ],
    "33": [
        0.794386492691434,
        0.808353109389178,
        0.799942046460147,
        0.835220840500382,
        0.830605428121148,
        0.777005958503161,
        0.798216644674149,
        0.851166751642171,
        0.850628811699354,
        0.75924399120753
    ],
    "34": [
        0.851576861434682,
        0.784810405372428,
        0.8074396984234,
        0.861687126280581,
        0.82002201418246,
        0.82520475275292,
        0.80963055770781,
        0.784520205918173,
        0.841332481348724,
        0.815699981815674
    ],
    "35": [
        0.804665401269013,
        0.846977277700338,
        0.858417254649696,
        0.860295866043687,
        0.847276362481274,
        0.844327689190108,
        0.825993077040771,
        0.84037016299056,
        0.869610565115209,
        0.825065652877089
    ],
    "36": [
        0.856212329205384,
        0.819511961758455,
        0.861723151498334,
        0.869849737635543,
        0.846101884020357,
        0.854728764477864,
        0.870806090641146,
        0.847122551582231,
        0.8478965317301,
        0.848304184795698
    ],