{
    "10": [
        0.314289654945725
    ],
    "11": [
        0.443435902480749
    ],
    "12": [
        0.402888608825819
    ],
    "13": [
        0.462341828207053
    ],
    "14": [
        0.769421891365171
    ],
    "15": [
        0.585456346574875
    ],
    "16": [
        0.610335269878461
    ],
    "17": [
        0.639628809629085
    ],
    "18": [
        0.643009881226288
    ],
    "19": [
        0.732700883300481
    ],
    "20": [
        0.669800327803948
    ],
    "21": [
        0.758186349007613
    ],
    "22": [
        0.662852633232986
    ],
    "23": [
        0.819172741166023
    ],
    "24": [
        0.719556243227506
    ],
    "25": [
        0.70471534462954
    ],
    "26": [
        0.808333505123317
    ],
    "27": [
        0.830828554725031
    ],
    "28": [
        0.783529737958862
    ],
    "29": [
        0.806401576633443
    ],
    "30": [
        0.767779336472154
    ],
    "31": [
        0.777826777981674
    ],
    "32": [
        0.835031976846705
    ],
    "33": [
        0.826415981953587
    ],
    "34": [
        0.807411475992534
    ],
    "35": [
        0.859669143046246
    ],
    "36": [
        0.848122209276811
    ],
    "37": [
        0.805823005907876
    ],
    "38": [
        0.867941357432613
    ],
    "39": [
        0.88282324877067
    ],
    "40": [
        0.873992939786624
    ],
    "41": [
        0.868322087664273
    ],
    "42": [
        0.877059887925431
    ],
    "43": [
        0.843867199172673
    ],
    "44": [
        0.83483247342448
    ],
    "45": [
        0.898142249128074
    ],
    "46": [
        0.847056050965548
    ],
    "47": [
        0.858204549247168
    ],
    "48": [
        0.925492118060605
    ],
    "49": [
        0.859473834169993
    ],
    "50": [
        0.899605918230433
    ]
}
