{
    "10": {
        "0": 0.619063886068272,
        "1": 0.447233467771657,
        "2": 0.479932097292382,
        "3": 0.479932097292382,
        "4": 0.401897310045541,
        "5": 0.606274910710246,
        "6": 0.553262540122997,
        "7": 0.442231918546827,
        "8": 0.442231918546827,
        "9": 0.316256026419591
    },
    "11": {
        "0": 0.615677495386309,
        "1": 0.632082633957685,
        "2": 0.518630735835088,
        "3": 0.387959474139882,
        "4": 0.387959474139882,
        "5": 0.387959474139882,
        "6": 0.552033664014911,
        "7": 0.4020804958762,
        "8": 0.4020804958762,
        "9": 0.426210397900861
    },
    "12": {
        "0": 0.60002672281377,
        "1": 0.454511183150838,
        "2": 0.335564164929559,
        "3": 0.612309818076582,
        "4": 0.659023033373891,
        "5": 0.64416475849719,
        "6": 0.64416475849719,
        "7": 0.656539585224006,
        "8": 0.596807665743615,
        "9": 0.60597004720855
    },
    "13": {
        "0": 0.522363316938103,
        "1": 0.537900603361717,
        "2": 0.553058929390566,
        "3": 0.574940432903414,
        "4": 0.460481553579703,
        "5": 0.521847345210554,
        "6": 0.648392528192205,
        "7": 0.611000349590496,
        "8": 0.490657929208669,
        "9": 0.473967777677838
    },
    "14": {
        "0": 0.592363265134816,
        "1": 0.636706398035045,
        "2": 0.68659772307354,
        "3": 0.658257972307024,
        "4": 0.658704877392052,
        "5": 0.658095472624569,
        "6": 0.666967343302962,
        "7": 0.546388449330862,
        "8": 0.624467733725533,
        "9": 0.513883884930204
    },
    "15": {
        "0": 0.549210303759655,
        "1": 0.641096797712995,
        "2": 0.619642821106394,
        "3": 0.823428558438496,
        "4": 0.597236253176736,
        "5": 0.760607112363969,
        "6": 0.665392564962779,
        "7": 0.718902923731221,
        "8": 0.528359355075366,
        "9": 0.569085003263148
    },
    "16": {
        "0": 0.688292164102394,
        "1": 0.723929933914912,
        "2": 0.627959092876818,
        "3": 0.594215322926559,
        "4": 0.634103075186345,
        "5": 0.545298333023396,
        "6": 0.648119008435646,
        "7": 0.576556873114466,
        "8": 0.668675498631094,
        "9": 0.643226398883719
    },
    "17": {
        "0": 0.640655032620817,
        "1": 0.676581433371692,
        "2": 0.580361992776054,
        "3": 0.61010924250606,
        "4": 0.63176155217746,
        "5": 0.641833871098924,
        "6": 0.738147608536969,
        "7": 0.762260653828569,
        "8": 0.664772004835454,
        "9": 0.655505168610375
    },
    "18": {
        "0": 0.673481131431056,
        "1": 0.72957911042211,
        "2": 0.788957422261561,
        "3": 0.631911986229209,
        "4": 0.721212828228316,
        "5": 0.617741161691623,
        "6": 0.614124088437386,
        "7": 0.68452786638652,
        "8": 0.648285971759615,
        "9": 0.729468463179132
    },
    "19": {
        "0": 0.677867564822941,
        "1": 0.587306264524551,
        "2": 0.754875871340456,
        "3": 0.701930561812646,
        "4": 0.73834779093099,
        "5": 0.692680236644749,
        "6": 0.606766327144964,
        "7": 0.749923199126467,
        "8": 0.6440791989629,
        "9": 0.599832344166693
    },
    "20": {
        "0": 0.655501224256792,
        "1": 0.65075355298048,
        "2": 0.667438585862342,
        "3": 0.666083871368239,
        "4": 0.706370669872785,
        "5": 0.680726449268174,
        "6": 0.735577710524312,
        "7": 0.668926493992243,
        "8": 0.709696520946891,
        "9": 0.757905947752004
    },
    "21": {
        "0": 0.751260624141131,
        "1": 0.729664880976025,
        "2": 0.721498691446336,
        "3": 0.719661529236102,
        "4": 0.742274929474841,
        "5": 0.711210211688883,
        "6": 0.677204770878968,
        "7": 0.725430287650799,
        "8": 0.788629409025969,
        "9": 0.737600275132495
    },
    "22": {
        "0": 0.791541515806645,
        "1": 0.669438670937038,
        "2": 0.818398110687496,
        "3": 0.828319891333008,
        "4": 0.690203077627272,
        "5": 0.786978205985823,
        "6": 0.756461048167053,
        "7": 0.66462378001184,
        "8": 0.740248273752856,
        "9": 0.740162599185837
    },
    "23": {
        "0": 0.731334904172318,
        "1": 0.773106688302848,
        "2": 0.830703799243329,
        "3": 0.690255495005684,
        "4": 0.785458446806851,
        "5": 0.703371697040807,
        "6": 0.716109369533223,
        "7": 0.770256308299868,
        "8": 0.705019430457606,
        "9": 0.743307947498558
    },
    "24": {
        "0": 0.715610171343757,
        "1": 0.816642252628062,
        "2": 0.734237673436392,
        "3": 0.850544477744119,
        "4": 0.769294658461802,
        "5": 0.790847988445243,
        "6": 0.78392025087209,
        "7": 0.794401010318069,
        "8": 0.798245584714728,
        "9": 0.744323100866313
    },
    "25": {
        "0": 0.810505099405538,
        "1": 0.760982042956748,
        "2": 0.724082309014676,
        "3": 0.814444505652412,
        "4": 0.813265372632038,
        "5": 0.705054696344898,
        "6": 0.794659133377193,
        "7": 0.774103296495567,
        "8": 0.786532523753182,
        "9": 0.789644432008569
    },
    "26": {
        "0": 0.799315763451817,
        "1": 0.77790677788421,
        "2": 0.778285771752564,
        "3": 0.750715837554538,
        "4": 0.78159927815716,
        "5": 0.808104675305877,
        "6": 0.799097786744048,
        "7": 0.753274592900261,
        "8": 0.69692740597976,
        "9": 0.733908935154969
    },
    "27": {
        "0": 0.862980064800693,
        "1": 0.745206955551036,
        "2": 0.774232402727497,
        "3": 0.813496090227622,
        "4": 0.821376502776245,
        "5": 0.793705551346226,
        "6": 0.81062398447001,
        "7": 0.791456947026311,
        "8": 0.788758034763313,
        "9": 0.772223498715786
    },
    "28": {
        "0": 0.826548949778619,
        "1": 0.773522179600413,
        "2": 0.813860092322636,
        "3": 0.795359444937772,
        "4": 0.808693544194084,
        "5": 0.795895170960836,
        "6": 0.788999145053517,
        "7": 0.858313043577323,
        "8": 0.871913910155496,
        "9": 0.778374713685695
    },
    "29": {
        "0": 0.818809181539066,
        "1": 0.795006648477778,
        "2": 0.770040106731613,
        "3": 0.765549883298501,
        "4": 0.810662236067916,
        "5": 0.890752749825266,
        "6": 0.794471113811449,
        "7": 0.813806797449399,
        "8": 0.847270727844915,
        "9": 0.798773390994849
    },
    "30": {
        "0": 0.837360063456787,
        "1": 0.770940504750926,
        "2": 0.853861055326875,
        "3": 0.838019072916742,
        "4": 0.829099314144782,
        "5": 0.893554641392166,
        "6": 0.824540525734451,
        "7": 0.824618180054614,
        "8": 0.796176214733262,
        "9": 0.814794892740748
    },
    "31": {
        "0": 0.827441711832738,
        "1": 0.807985410202816,
        "2": 0.798360542105461,
        "3": 0.789692590651048,
        "4": 0.804960516538104,
        "5": 0.80165817463875,
        "6": 0.812203289011564,
        "7": 0.774578543098833,
        "8": 0.814973020615519,
        "9": 0.864089517149482
    },
    "32": {
        "0": 0.820344339061334,
        "1": 0.78572652948849,
        "2": 0.836630579564942,
        "3": 0.829549228594865,
        "4": 0.833953319528487,
        "5": 0.830817385396717,
        "6": 0.797702615852361,
        "7": 0.805999942465565,
        "8": 0.841742115060641,
        "9": 0.824220026645436
    },
    "33": {
        "0": 0.844396199400371,
        "1": 0.829845257838606,
        "2": 0.808484231736257,
        "3": 0.830667721258107,
        "4": 0.858880630250987,
        "5": 0.825995808828668,
        "6": 0.811208541656145,